Hours_scaled,Real_Score,Predicted_Score
1.2274138,81.0,83.831825
-1.0526929,30.0,25.57931
-1.0526929,21.0,25.57931
0.6770432,76.0,69.40431
0.28392136,62.0,59.36868
-0.9740685,25.0,27.122717
-0.7381954,42.0,32.32196
